<?xml version="1.0" encoding="UTF-8"?>
<sk:systemKeys xmlns:sk="http://pingidentity.com/2018/01/system-keys">
    <sk:currentKey>
        <sk:key>eyJhbGciOiJkaXIiLCJlbmMiOiJBMTI4Q0JDLUhTMjU2Iiwia2lkIjoicm1zc0dhVzA3aCIsInZlcnNpb24iOiIxMS4wLjIuMCIsInppcCI6IkRFRiJ9..EqB2Vhv_B9HmWnRpJBRohw.EXG7vuNDdm2DkeJsp9zbQA7899qxw0sHtuZQYeN5qEHPXwMMcBds-8hCxBimFcYF.HEmEpDJFKdmCzH2L-VFPtA</sk:key>
        <sk:generatedTime>2022-08-11T08:46:31.781-05:00</sk:generatedTime>
    </sk:currentKey>
    <sk:previousKey xsi:nil="true" xmlns:xsi="http://www.w3.org/2001/XMLSchema-instance"/>
    <sk:pendingKey>
        <sk:key>eyJhbGciOiJkaXIiLCJlbmMiOiJBMTI4Q0JDLUhTMjU2Iiwia2lkIjoicm1zc0dhVzA3aCIsInZlcnNpb24iOiIxMS4wLjIuMCIsInppcCI6IkRFRiJ9..b3H0tzFB_ulJJRXX-A4uvg.SrbIu3EeGT_x6YDbUbvd2OPkTKNgtJ9R-9V6YFFzwehEeo9l0t8hOMR1YJxjjVDG.Qtq6U2YU6k-hotNSZM89dg</sk:key>
        <sk:generatedTime>2022-08-11T08:46:31.782-05:00</sk:generatedTime>
    </sk:pendingKey>
</sk:systemKeys>