<?xml version="1.0" encoding="UTF-8"?>
<urn:PluginConfiguration isInheritExtendedContractAttributes="false" name="UserPass" xmlns:urn="urn:sourceid.org:saml2:adapter:conf">
    <urn:Fields/>
    <urn:AdvancedFields/>
    <urn:Tables>
        <urn:Table name="Users">
            <urn:Row defaultRow="false">
                <urn:Field name="Username">joe</urn:Field>
                <urn:Field name="Password">lMTVl3qoI9HGPuwD6x5BmYUF__-83eZeS0VS2R-hf_E.dEl-J6ne.2</urn:Field>
                <urn:Field name="Confirm Password">5QWi6OTeAAoym8ayLsieMjCK5s2v5vj9qQ5u7gJS_BQ.-IlJqXRD.2</urn:Field>
                <urn:Field name="Relax Password Requirements">false</urn:Field>
            </urn:Row>
            <urn:Row defaultRow="false">
                <urn:Field name="Username">sarah</urn:Field>
                <urn:Field name="Password">GXNDdb4TDFA5h7sASVl0blGWYetHI0e4HjV3HBylHiE.rVrR-DxR.2</urn:Field>
                <urn:Field name="Confirm Password">ueV5Ryxy548p9rSWYFUnXkI9Hfvop23ASXtcv3iddtU.zlbzsQ4i.2</urn:Field>
                <urn:Field name="Relax Password Requirements">false</urn:Field>
            </urn:Row>
            <urn:Row defaultRow="false">
                <urn:Field name="Username">scott</urn:Field>
                <urn:Field name="Password">s8WuOSUw2hhfQsKOirHG1X4ee4nSNxLitHx_hTKB2vk.VJ9Qlpis.2</urn:Field>
                <urn:Field name="Confirm Password">wASa0HsKVobj5lKjQMASg5uQ65ApEdxwEdXPBiNZ3Sc.RrpOU-Uq.2</urn:Field>
                <urn:Field name="Relax Password Requirements">false</urn:Field>
            </urn:Row>
        </urn:Table>
    </urn:Tables>
    <urn:ExtendedAttributesAdditionalProperties/>
</urn:PluginConfiguration>